INSERT INTO SITE_UTILISATEUR VALUES ('Raphael', '9d4e1e23bd5b727046a9e3b4b7db57bd8d6ee684', 'raphael@email.com', 0, 'Nom', 'Prenom', current_date, null, null, null);
INSERT INTO SITE_UTILISATEUR VALUES ('Maxime', '9d4e1e23bd5b727046a9e3b4b7db57bd8d6ee684', 'maxime@email.com', 0, 'Nom', 'Prenom', current_date, null, null, null);
INSERT INTO SITE_UTILISATEUR VALUES ('David', '9d4e1e23bd5b727046a9e3b4b7db57bd8d6ee684', 'david@email.com', 0, 'Nom', 'Prenom', current_date, null, null, null);
INSERT INTO SITE_UTILISATEUR VALUES ('Michel', '9d4e1e23bd5b727046a9e3b4b7db57bd8d6ee684', 'michel@email.com', 0, 'Nom', 'Prenom', current_date, null, null, null);
INSERT INTO SITE_UTILISATEUR VALUES ('Marc', '9d4e1e23bd5b727046a9e3b4b7db57bd8d6ee684', 'marc@email.com', 0, 'Nom', 'Prenom', current_date, null, null, null);
INSERT INTO SITE_UTILISATEUR VALUES ('Eric', '9d4e1e23bd5b727046a9e3b4b7db57bd8d6ee684', 'eric@email.com', 0, 'Nom', 'Prenom', current_date, null, null, null);
INSERT INTO SITE_UTILISATEUR VALUES ('Jack', '9d4e1e23bd5b727046a9e3b4b7db57bd8d6ee684', 'jack@email.com', 0, 'Nom', 'Prenom', current_date, null, null, null);
INSERT INTO SITE_UTILISATEUR VALUES ('Kim', '9d4e1e23bd5b727046a9e3b4b7db57bd8d6ee684', 'kim@email.com', 0, 'Nom', 'Prenom', current_date, null, null, null);
INSERT INTO SITE_UTILISATEUR VALUES ('Tom', '9d4e1e23bd5b727046a9e3b4b7db57bd8d6ee684', 'tom@email.com', 0, 'Nom', 'Prenom', current_date, null, null, null);
INSERT INTO SITE_UTILISATEUR VALUES ('Georges', '9d4e1e23bd5b727046a9e3b4b7db57bd8d6ee684', 'georges@email.com', 0, 'Nom', 'Prenom', current_date, null, null, null);
INSERT INTO SITE_UTILISATEUR VALUES ('Paul', '9d4e1e23bd5b727046a9e3b4b7db57bd8d6ee684', 'paul@email.com', 0, 'Nom', 'Prenom', current_date, null, null, null);
INSERT INTO SITE_UTILISATEUR VALUES ('John', '9d4e1e23bd5b727046a9e3b4b7db57bd8d6ee684', 'john@email.com', 0, 'Nom', 'Prenom', current_date, null, null, null);
INSERT INTO SITE_UTILISATEUR VALUES ('Moi', '9d4e1e23bd5b727046a9e3b4b7db57bd8d6ee684', 'moi@email.com', 0, 'Nom', 'Prenom', current_date, null, null, null);

INSERT INTO site_adresse VALUES (1, '48 rue de la Belgique', 'Ville', '5485', 'Belgique', 'Raphael');
INSERT INTO site_adresse VALUES (2, '17 rue de la France', 'Ville', '78852', 'France', 'Maxime');
INSERT INTO site_adresse VALUES (3, '87 rue du Luxembourg', 'Ville', 'A365', 'Luxembourg', 'David');
INSERT INTO site_adresse VALUES (4, '48 rue des USA', 'Ville', 'AX585', 'Etats-Unis', 'Michel');
INSERT INTO site_adresse VALUES (5, '48 rue de la GB', 'Ville', 'AZ5485', 'Royaume-Uni', 'Marc');
INSERT INTO site_adresse VALUES (6, '48 rue de l''Allemagne', 'Ville', '5485', 'Allemagne', 'Eric');
INSERT INTO site_adresse VALUES (7, '48 rue des Pays Bas', 'Ville', 'AZA5485', 'Pays-Bas', 'Jack');
INSERT INTO site_adresse VALUES (8, '48 rue de l''Espagne', 'Ville', '5485', 'Espagne', 'Kim');
INSERT INTO site_adresse VALUES (9, '48 rue de la Suède', 'Ville', '8884', 'Suède', 'Tom');
INSERT INTO site_adresse VALUES (10, '48 rue du Portugal', 'Ville', '5485', 'Portugal', 'Georges');

-- INSERT INTO site_fournisseur VALUES (1, 'Amazon');
INSERT INTO site_fournisseur VALUES (2, 'LDLC');
INSERT INTO site_fournisseur VALUES (3, 'Rue du Commerce');
INSERT INTO site_fournisseur VALUES (4, 'Pixmania');
INSERT INTO site_fournisseur VALUES (5, 'Ebay');
INSERT INTO site_fournisseur VALUES (6, 'Fnac');
INSERT INTO site_fournisseur VALUES (7, 'Alternate');
INSERT INTO site_fournisseur VALUES (8, 'Kelkoo');
INSERT INTO site_fournisseur VALUES (9, 'Cdiscount');
INSERT INTO site_fournisseur VALUES (10, 'Oka');

INSERT INTO SITE_LISTEENVIES VALUES (1, 'Raphael', 'Ma liste d''envies');
INSERT INTO SITE_LISTEENVIES VALUES (2, 'Kim', 'Ma liste d''envies');
INSERT INTO SITE_LISTEENVIES VALUES (3, 'Maxime', 'Ma liste d''envies');
INSERT INTO SITE_LISTEENVIES VALUES (4, 'David', 'Ma liste d''envies');
INSERT INTO SITE_LISTEENVIES VALUES (5, 'Tom', 'Ma liste d''envies');
INSERT INTO SITE_LISTEENVIES VALUES (6, 'Paul', 'Ma liste d''envies');
INSERT INTO SITE_LISTEENVIES VALUES (7, 'John', 'Ma liste d''envies');
INSERT INTO SITE_LISTEENVIES VALUES (8, 'Raphael', 'Ma liste d''envies 2');
INSERT INTO SITE_LISTEENVIES VALUES (9, 'Maxime', 'Ma liste d''envies 2');

commit;

-- IMPORTER LES ARTICLES DE COUCHDB ICI

INSERT INTO site_listeenviesproduit VALUES (1, 1, 2007945258716, 26);
INSERT INTO site_listeenviesproduit VALUES (2, 2, 2005269735807, 26);
INSERT INTO site_listeenviesproduit VALUES (3, 3, 2007445557463, 26);
INSERT INTO site_listeenviesproduit VALUES (4, 4, 2001612487379, 26);
INSERT INTO site_listeenviesproduit VALUES (5, 5, 2004519008104, 26);
INSERT INTO site_listeenviesproduit VALUES (6, 6, 2007945258716, 1);
INSERT INTO site_listeenviesproduit VALUES (7, 7, 2001612487379, 26);
INSERT INTO site_listeenviesproduit VALUES (8, 8, 2003477133941, 26);
INSERT INTO site_listeenviesproduit VALUES (9, 9, 2004519008104, 26);
INSERT INTO site_listeenviesproduit VALUES (10, 1, 2006223963496, 26);
INSERT INTO site_listeenviesproduit VALUES (11, 2, 2008460092762, 26);
INSERT INTO site_listeenviesproduit VALUES (12, 3, 2005269735807, 26);
INSERT INTO site_listeenviesproduit VALUES (13, 4, 2005460103955, 26);
INSERT INTO site_listeenviesproduit VALUES (14, 5, 2003477133941, 26);
INSERT INTO site_listeenviesproduit VALUES (15, 6, 2003451296549, 26);
INSERT INTO site_listeenviesproduit VALUES (16, 7, 2007945258716, 26);
INSERT INTO site_listeenviesproduit VALUES (17, 8, 2006223963496, 26);
INSERT INTO site_listeenviesproduit VALUES (18, 9, 2001612487379, 26);
INSERT INTO site_listeenviesproduit VALUES (19, 1, 2003874984085, 26);
INSERT INTO site_listeenviesproduit VALUES (20, 2, 2007445557463, 26);

INSERT INTO site_commande VALUES (1, 'Raphael', 1, 'BE', TO_TIMESTAMP('2011-05-02 12:00', 'YYYY-MM-DD HH:MI'));
INSERT INTO site_commande VALUES (2, 'Maxime', 2, 'BE', TO_TIMESTAMP('2011-05-06 12:00', 'YYYY-MM-DD HH:MI'));
INSERT INTO site_commande VALUES (3, 'David', 3, 'BE', TO_TIMESTAMP('2011-03-14 12:00', 'YYYY-MM-DD HH:MI'));
INSERT INTO site_commande VALUES (4, 'Tom', 9, 'BE', TO_TIMESTAMP('2011-02-03 12:00', 'YYYY-MM-DD HH:MI'));
INSERT INTO site_commande VALUES (5, 'Kim', 8, 'BE', TO_TIMESTAMP('2011-03-16 12:00', 'YYYY-MM-DD HH:MI'));
INSERT INTO site_commande VALUES (6, 'Raphael', 1, 'BE', TO_TIMESTAMP('2012-05-12 12:00', 'YYYY-MM-DD HH:MI'));
INSERT INTO site_commande VALUES (7, 'Kim', 8, 'BE', TO_TIMESTAMP('2011-05-12 12:00', 'YYYY-MM-DD HH:MI'));
INSERT INTO site_commande VALUES (8, 'Raphael', 1, 'BE', TO_TIMESTAMP('2011-07-12 12:00', 'YYYY-MM-DD HH:MI'));
INSERT INTO site_commande VALUES (9, 'Maxime', 2, 'BE', TO_TIMESTAMP('2011-06-12 12:00', 'YYYY-MM-DD HH:MI'));
INSERT INTO site_commande VALUES (10, 'David', 3, 'BE', TO_TIMESTAMP('2011-05-06 12:00', 'YYYY-MM-DD HH:MI'));
INSERT INTO site_commande VALUES (11, 'Tom', 9, 'BE', TO_TIMESTAMP('2011-02-12 12:00', 'YYYY-MM-DD HH:MI'));
INSERT INTO site_commande VALUES (12, 'Maxime', 2, 'BE', TO_TIMESTAMP('2012-05-02 12:00', 'YYYY-MM-DD HH:MI'));
INSERT INTO site_commande VALUES (13, 'David', 3, 'BE', TO_TIMESTAMP('2011-06-15 12:00', 'YYYY-MM-DD HH:MI'));
INSERT INTO site_commande VALUES (14, 'Kim', 8, 'BE', TO_TIMESTAMP('2012-01-12 12:00', 'YYYY-MM-DD HH:MI'));

INSERT INTO site_commandeproduit VALUES (1, 1, 2007945258716, 3, 12.6, 'EUR');
INSERT INTO site_commandeproduit VALUES (2, 1, 2005460103955, 5, 1.6, 'EUR');
INSERT INTO site_commandeproduit VALUES (3, 2, 2006223963496, 1, 152.6, 'EUR');
INSERT INTO site_commandeproduit VALUES (4, 2, 2001612487379, 2, 122.6, 'EUR');
INSERT INTO site_commandeproduit VALUES (5, 2, 2005269735807, 6, 12.6, 'EUR');
INSERT INTO site_commandeproduit VALUES (6, 3, 2005269735807, 2, 12.6, 'EUR');
INSERT INTO site_commandeproduit VALUES (7, 4, 2007871552032, 1, 12.6, 'EUR');
INSERT INTO site_commandeproduit VALUES (8, 4, 2005395934020, 7, 12.6, 'EUR');
INSERT INTO site_commandeproduit VALUES (9, 5, 2005395934020, 8, 12.6, 'EUR');
INSERT INTO site_commandeproduit VALUES (10, 5, 2003458900067, 1, 12.6, 'EUR');
INSERT INTO site_commandeproduit VALUES (11, 5, 2001275726136, 1, 12.6, 'EUR');
INSERT INTO site_commandeproduit VALUES (12, 5, 2007658517704, 9, 12.6, 'EUR');
INSERT INTO site_commandeproduit VALUES (13, 6, 2005269735807, 1, 12.6, 'EUR');
INSERT INTO site_commandeproduit VALUES (14, 6, 2007663936170, 2, 12.6, 'EUR');
INSERT INTO site_commandeproduit VALUES (15, 7, 2007385536429, 1, 12.6, 'EUR');
INSERT INTO site_commandeproduit VALUES (16, 7, 2007445557463, 2, 12.6, 'EUR');
INSERT INTO site_commandeproduit VALUES (17, 8, 2007945258716, 3, 12.6, 'EUR');
INSERT INTO site_commandeproduit VALUES (18, 9, 2007718548990, 1, 12.6, 'EUR');
INSERT INTO site_commandeproduit VALUES (19, 10, 2004241608092, 1, 12.6, 'EUR');
INSERT INTO site_commandeproduit VALUES (20, 11, 2001275726136, 1, 12.6, 'EUR');
INSERT INTO site_commandeproduit VALUES (21, 11, 2007871552032, 3, 12.6, 'EUR');
INSERT INTO site_commandeproduit VALUES (22, 12, 2007945258716, 5, 12.6, 'EUR');
INSERT INTO site_commandeproduit VALUES (23, 12, 2005737753883, 3, 12.6, 'EUR');
INSERT INTO site_commandeproduit VALUES (24, 13, 2005269735807, 2, 12.6, 'EUR');
INSERT INTO site_commandeproduit VALUES (25, 14, 2005395934020, 4, 12.6, 'EUR');
INSERT INTO site_commandeproduit VALUES (31, 11, 2002525990642, 3, 12.6, 'EUR');
INSERT INTO site_commandeproduit VALUES (32, 11, 2000950737740, 5, 1.6, 'EUR');
INSERT INTO site_commandeproduit VALUES (33, 12, 2000465908529, 1, 152.6, 'EUR');
INSERT INTO site_commandeproduit VALUES (34, 12, 2000606563471, 2, 122.6, 'EUR');

INSERT INTO site_commentaire VALUES (1, 'Raphael', 2007945258716, TO_DATE('2011-05-02', 'YYYY-MM-DD'), null);
INSERT INTO site_commentaire VALUES (2, 'Maxime', 2005460103955, TO_DATE('2011-05-06', 'YYYY-MM-DD'), null);
INSERT INTO site_commentaire VALUES (3, 'David', 2001275726136, TO_DATE('2011-03-14', 'YYYY-MM-DD'), null);
INSERT INTO site_commentaire VALUES (4, 'Tom', 2007663936170, TO_DATE('2011-02-24', 'YYYY-MM-DD'), null);
INSERT INTO site_commentaire VALUES (5, 'Kim', 2007871552032, TO_DATE('2011-03-16', 'YYYY-MM-DD'), null);
INSERT INTO site_commentaire VALUES (6, 'Raphael', 2007945258716, TO_DATE('2012-05-12', 'YYYY-MM-DD'), null);
INSERT INTO site_commentaire VALUES (7, 'Kim', 2006223963496, TO_DATE('2011-05-12', 'YYYY-MM-DD'), null);
INSERT INTO site_commentaire VALUES (8, 'Raphael', 2001275726136, TO_DATE('2011-07-12', 'YYYY-MM-DD'), null);
INSERT INTO site_commentaire VALUES (9, 'Maxime', 2007945258716, TO_DATE('2011-06-12', 'YYYY-MM-DD'), null);
INSERT INTO site_commentaire VALUES (10, 'David', 2001275726136, TO_DATE('2011-05-06', 'YYYY-MM-DD'), null);
INSERT INTO site_commentaire VALUES (11, 'Tom', 2007945258716, TO_DATE('2011-02-12', 'YYYY-MM-DD'), null);
INSERT INTO site_commentaire VALUES (12, 'Maxime', 2007945258716, TO_DATE('2012-05-02', 'YYYY-MM-DD'), null);
INSERT INTO site_commentaire VALUES (13, 'David', 2007871552032, TO_DATE('2011-06-15', 'YYYY-MM-DD'), null);
INSERT INTO site_commentaire VALUES (14, 'Kim', 2007871552032, TO_DATE('2012-01-12', 'YYYY-MM-DD'), null);
COMMIT;